{
  "schemaVersion": 1,
  "id": "qq",
  "version": "fabric-1.21.4-mc-raiddevhp 1.0",
  "name": "RaidDev-HP",
  "description": "Мод на показ HP",
  "authors": [
    "Даниил - Raid"
  ],
  "license": "All-Rights-Reserved",
  "environment": "client",
  "entrypoints": {
    "main": [
      "me.raid.raiddev.hp.FrogEz"
    ],
    "client": [
      "me.raid.raiddev.hp.FrogEz"
    ]
  },
  "mixins": [
    "raiddevhp.mixins.json"
  ],
  "depends": {
    "fabricloader": "*",
    "minecraft": "1.21.4"
  }
}