{
  "mappings": {
    "dev/friz1iks/mixin/LivingEntityAccessor": {
      "jumpingCooldown": "field_6228:I"
    },
    "dev/friz1iks/mixin/MinecraftClientAccessor": {
      "itemUseCooldown": "field_1752:I"
    },
    "me/raid/raiddev/hp/mixins/ClientPlayerInteractionManagerMixin": {
      "attackEntity": "Lnet/minecraft/class_636;method_2918(Lnet/minecraft/class_1657;Lnet/minecraft/class_1297;)V"
    }
  },
  "data": {
    "named:intermediary": {
      "dev/friz1iks/mixin/LivingEntityAccessor": {
        "jumpingCooldown": "field_6228:I"
      },
      "dev/friz1iks/mixin/MinecraftClientAccessor": {
        "itemUseCooldown": "field_1752:I"
      },
      "me/raid/raiddev/hp/mixins/ClientPlayerInteractionManagerMixin": {
        "attackEntity": "Lnet/minecraft/class_636;method_2918(Lnet/minecraft/class_1657;Lnet/minecraft/class_1297;)V"
      }
    }
  }
}