{
  "mappings": {
    "dev/friz1iks/mixin/EntityMixin": {
      "getBoundingBox": "Lnet/minecraft/class_1297;method_5829()Lnet/minecraft/class_238;",
      "getTargetingMargin": "Lnet/minecraft/class_1297;method_5871()F"
    },
    "dev/friz1iks/mixin/KeyBindingMixin": {
      "setPressed": "Lnet/minecraft/class_304;method_23481(Z)V"
    },
    "dev/friz1iks/mixin/LivingEntityAccessor": {
      "jumpingCooldown": "field_6228:I"
    },
    "dev/friz1iks/mixin/MinecraftClientAccessor": {
      "itemUseCooldown": "field_1752:I"
    },
    "dev/friz1iks/mixin/MixinClientConnection": {
      "handlePacket": "Lnet/minecraft/class_2535;method_10759(Lnet/minecraft/class_2596;Lnet/minecraft/class_2547;)V",
      "send(Lnet/minecraft/network/packet/Packet;)V": "Lnet/minecraft/class_2535;method_10743(Lnet/minecraft/class_2596;)V"
    },
    "dev/friz1iks/mixin/MixinClientPlayNetworkHandler": {
      "onEntityVelocityUpdate": "Lnet/minecraft/class_634;method_11132(Lnet/minecraft/class_2743;)V",
      "onExplosion": "Lnet/minecraft/class_634;method_11124(Lnet/minecraft/class_2664;)V"
    },
    "dev/friz1iks/mixin/MixinEntityGlow": {
      "isGlowing": "Lnet/minecraft/class_1297;method_5851()Z"
    },
    "dev/friz1iks/mixin/MixinEntityRenderer": {
      "renderLabelIfPresent": "Lnet/minecraft/class_897;method_3926(Lnet/minecraft/class_10017;Lnet/minecraft/class_2561;Lnet/minecraft/class_4587;Lnet/minecraft/class_4597;I)V"
    },
    "dev/friz1iks/mixin/MixinGameRenderer": {
      "tiltViewWhenHurt": "Lnet/minecraft/class_757;method_3198(Lnet/minecraft/class_4587;F)V"
    },
    "dev/friz1iks/mixin/MixinHeadFeatureRenderer": {
      "render(Lnet/minecraft/client/util/math/MatrixStack;Lnet/minecraft/client/render/VertexConsumerProvider;ILnet/minecraft/client/render/entity/state/LivingEntityRenderState;FF)V": "Lnet/minecraft/class_976;method_17159(Lnet/minecraft/class_4587;Lnet/minecraft/class_4597;ILnet/minecraft/class_10042;FF)V"
    },
    "dev/friz1iks/mixin/MixinHeldItemRenderer": {
      "Lnet/minecraft/client/render/item/HeldItemRenderer;applySwingOffset(Lnet/minecraft/client/util/math/MatrixStack;Lnet/minecraft/util/Arm;F)V": "Lnet/minecraft/class_759;method_3217(Lnet/minecraft/class_4587;Lnet/minecraft/class_1306;F)V",
      "renderFirstPersonItem": "Lnet/minecraft/class_759;method_3228(Lnet/minecraft/class_742;FFLnet/minecraft/class_1268;FLnet/minecraft/class_1799;FLnet/minecraft/class_4587;Lnet/minecraft/class_4597;I)V"
    },
    "dev/friz1iks/mixin/MixinInGameHud": {
      "renderCrosshair": "Lnet/minecraft/class_329;method_1736(Lnet/minecraft/class_332;Lnet/minecraft/class_9779;)V"
    },
    "dev/friz1iks/mixin/MixinInGameOverlayRenderer": {
      "renderFireOverlay": "Lnet/minecraft/class_4603;method_23070(Lnet/minecraft/class_4587;Lnet/minecraft/class_4597;)V"
    },
    "dev/friz1iks/mixin/MixinLivingEntity": {
      "swingHand(Lnet/minecraft/util/Hand;)V": "Lnet/minecraft/class_1309;method_6104(Lnet/minecraft/class_1268;)V"
    },
    "dev/friz1iks/mixin/MixinLivingEntitySwing": {
      "tickHandSwing": "Lnet/minecraft/class_1309;method_6119()V"
    },
    "dev/friz1iks/mixin/MixinParticleManager": {
      "addParticle(Lnet/minecraft/particle/ParticleEffect;DDDDDD)Lnet/minecraft/client/particle/Particle;": "Lnet/minecraft/class_702;method_3056(Lnet/minecraft/class_2394;DDDDDD)Lnet/minecraft/class_703;"
    },
    "dev/friz1iks/mixin/MixinScreen": {
      "renderDarkening(Lnet/minecraft/client/gui/DrawContext;)V": "Lnet/minecraft/class_437;method_57735(Lnet/minecraft/class_332;)V"
    },
    "dev/friz1iks/mixin/WorldRendererMixin": {
      "update": "Lnet/minecraft/class_765;method_3313(F)V"
    }
  },
  "data": {
    "named:intermediary": {
      "dev/friz1iks/mixin/EntityMixin": {
        "getBoundingBox": "Lnet/minecraft/class_1297;method_5829()Lnet/minecraft/class_238;",
        "getTargetingMargin": "Lnet/minecraft/class_1297;method_5871()F"
      },
      "dev/friz1iks/mixin/KeyBindingMixin": {
        "setPressed": "Lnet/minecraft/class_304;method_23481(Z)V"
      },
      "dev/friz1iks/mixin/LivingEntityAccessor": {
        "jumpingCooldown": "field_6228:I"
      },
      "dev/friz1iks/mixin/MinecraftClientAccessor": {
        "itemUseCooldown": "field_1752:I"
      },
      "dev/friz1iks/mixin/MixinClientConnection": {
        "handlePacket": "Lnet/minecraft/class_2535;method_10759(Lnet/minecraft/class_2596;Lnet/minecraft/class_2547;)V",
        "send(Lnet/minecraft/network/packet/Packet;)V": "Lnet/minecraft/class_2535;method_10743(Lnet/minecraft/class_2596;)V"
      },
      "dev/friz1iks/mixin/MixinClientPlayNetworkHandler": {
        "onEntityVelocityUpdate": "Lnet/minecraft/class_634;method_11132(Lnet/minecraft/class_2743;)V",
        "onExplosion": "Lnet/minecraft/class_634;method_11124(Lnet/minecraft/class_2664;)V"
      },
      "dev/friz1iks/mixin/MixinEntityGlow": {
        "isGlowing": "Lnet/minecraft/class_1297;method_5851()Z"
      },
      "dev/friz1iks/mixin/MixinEntityRenderer": {
        "renderLabelIfPresent": "Lnet/minecraft/class_897;method_3926(Lnet/minecraft/class_10017;Lnet/minecraft/class_2561;Lnet/minecraft/class_4587;Lnet/minecraft/class_4597;I)V"
      },
      "dev/friz1iks/mixin/MixinGameRenderer": {
        "tiltViewWhenHurt": "Lnet/minecraft/class_757;method_3198(Lnet/minecraft/class_4587;F)V"
      },
      "dev/friz1iks/mixin/MixinHeadFeatureRenderer": {
        "render(Lnet/minecraft/client/util/math/MatrixStack;Lnet/minecraft/client/render/VertexConsumerProvider;ILnet/minecraft/client/render/entity/state/LivingEntityRenderState;FF)V": "Lnet/minecraft/class_976;method_17159(Lnet/minecraft/class_4587;Lnet/minecraft/class_4597;ILnet/minecraft/class_10042;FF)V"
      },
      "dev/friz1iks/mixin/MixinHeldItemRenderer": {
        "Lnet/minecraft/client/render/item/HeldItemRenderer;applySwingOffset(Lnet/minecraft/client/util/math/MatrixStack;Lnet/minecraft/util/Arm;F)V": "Lnet/minecraft/class_759;method_3217(Lnet/minecraft/class_4587;Lnet/minecraft/class_1306;F)V",
        "renderFirstPersonItem": "Lnet/minecraft/class_759;method_3228(Lnet/minecraft/class_742;FFLnet/minecraft/class_1268;FLnet/minecraft/class_1799;FLnet/minecraft/class_4587;Lnet/minecraft/class_4597;I)V"
      },
      "dev/friz1iks/mixin/MixinInGameHud": {
        "renderCrosshair": "Lnet/minecraft/class_329;method_1736(Lnet/minecraft/class_332;Lnet/minecraft/class_9779;)V"
      },
      "dev/friz1iks/mixin/MixinInGameOverlayRenderer": {
        "renderFireOverlay": "Lnet/minecraft/class_4603;method_23070(Lnet/minecraft/class_4587;Lnet/minecraft/class_4597;)V"
      },
      "dev/friz1iks/mixin/MixinLivingEntity": {
        "swingHand(Lnet/minecraft/util/Hand;)V": "Lnet/minecraft/class_1309;method_6104(Lnet/minecraft/class_1268;)V"
      },
      "dev/friz1iks/mixin/MixinLivingEntitySwing": {
        "tickHandSwing": "Lnet/minecraft/class_1309;method_6119()V"
      },
      "dev/friz1iks/mixin/MixinParticleManager": {
        "addParticle(Lnet/minecraft/particle/ParticleEffect;DDDDDD)Lnet/minecraft/client/particle/Particle;": "Lnet/minecraft/class_702;method_3056(Lnet/minecraft/class_2394;DDDDDD)Lnet/minecraft/class_703;"
      },
      "dev/friz1iks/mixin/MixinScreen": {
        "renderDarkening(Lnet/minecraft/client/gui/DrawContext;)V": "Lnet/minecraft/class_437;method_57735(Lnet/minecraft/class_332;)V"
      },
      "dev/friz1iks/mixin/WorldRendererMixin": {
        "update": "Lnet/minecraft/class_765;method_3313(F)V"
      }
    }
  }
}